Id,SourceId,ItemId,Source,URL,Title,LongTitle,Creator,Date,ImageURL
artic_28560,artic,28560,The Art Institute of Chicago,https://www.artic.edu/artworks/28560/the-bedroom,The Bedroom,The Bedroom,Vincent van Gogh,1889,"https://www.artic.edu/iiif/2/25c31d8d-21a4-9ea1-1d73-6a2eca4dda7e/full/1686,/0/default.jpg"
artic_21023,artic,21023,The Art Institute of Chicago,https://www.artic.edu/artworks/21023/buddha-shakyamuni-seated-in-meditation-dhyanamudra,Buddha Shakyamuni Seated in Meditation (Dhyanamudra),Buddha Shakyamuni Seated in Meditation (Dhyanamudra),,1101,"https://www.artic.edu/iiif/2/0675f9a9-1a7b-c90a-3bb6-7f7be2afb678/full/1686,/0/default.jpg"
artic_24645,artic,24645,The Art Institute of Chicago,https://www.artic.edu/artworks/24645/under-the-wave-off-kanagawa-kanagawa-oki-nami-ura-also-known-as-the-great-wave-from-the-series-thirty-six-views-of-mount-fuji-fugaku-sanj%E7%AC%9Brokkei,Under the Wave off Kanagawa (Kanagawa oki nami ura),"Under the Wave off Kanagawa (Kanagawa oki nami ura), also known as The Great Wave, from the series ""Thirty-Six Views of Mount Fuji (Fugaku sanjūrokkei)""",Katsushika Hokusai,1826,"https://www.artic.edu/iiif/2/b3974542-b9b4-7568-fc4b-966738f61d78/full/1686,/0/default.jpg"
artic_61128,artic,61128,The Art Institute of Chicago,https://www.artic.edu/artworks/61128/at-the-moulin-rouge,At the Moulin Rouge,At the Moulin Rouge,Henri de Toulouse-Lautrec,1892,"https://www.artic.edu/iiif/2/defb4004-b500-218d-3d9b-9a02423f097d/full/1686,/0/default.jpg"
artic_11723,artic,11723,The Art Institute of Chicago,https://www.artic.edu/artworks/11723/woman-at-her-toilette,Woman at Her Toilette,Woman at Her Toilette,Berthe Morisot,1870,"https://www.artic.edu/iiif/2/78c80988-6524-cec7-c661-a4c0a706d06f/full/1686,/0/default.jpg"
artic_8991,artic,8991,The Art Institute of Chicago,https://www.artic.edu/artworks/8991/improvisation-no-30-cannons,Improvisation No. 30 (Cannons),Improvisation No. 30 (Cannons),Vasily Kandinsky,1913,"https://www.artic.edu/iiif/2/9e00e226-9264-cda0-2893-685e0ca5b285/full/1686,/0/default.jpg"
artic_154235,artic,154235,The Art Institute of Chicago,https://www.artic.edu/artworks/154235/the-girl-by-the-window,The Girl by the Window,The Girl by the Window,Edvard Munch,1893,"https://www.artic.edu/iiif/2/d7df2633-3b40-f570-c906-211503a37cde/full/1686,/0/default.jpg"
artic_19339,artic,19339,The Art Institute of Chicago,https://www.artic.edu/artworks/19339/arlesiennes-mistral,Arlésiennes (Mistral),Arlésiennes (Mistral),Paul Gauguin,1888,"https://www.artic.edu/iiif/2/ae6ac285-6887-dd76-4570-d379c786dfae/full/1686,/0/default.jpg"
artic_81512,artic,81512,The Art Institute of Chicago,https://www.artic.edu/artworks/81512/interrupted-reading,Interrupted Reading,Interrupted Reading,Jean Baptiste Camille Corot,1865,"https://www.artic.edu/iiif/2/1c2d32a7-790c-501a-e124-00f28cf5052d/full/1686,/0/default.jpg"
artic_62371,artic,62371,The Art Institute of Chicago,https://www.artic.edu/artworks/62371/madame-cezanne-in-a-yellow-chair,Madame Cezanne in a Yellow Chair,Madame Cezanne in a Yellow Chair,Paul Cezanne,1893,"https://www.artic.edu/iiif/2/4822cd01-44ac-041a-36b8-c0542377b750/full/1686,/0/default.jpg"
artic_60812,artic,60812,The Art Institute of Chicago,https://www.artic.edu/artworks/60812/merahi-metua-no-tehamana-tehamana-has-many-parents-or-the-ancestors-of-tehamana,Merahi metua no Tehamana,Merahi metua no Tehamana (Tehamana Has Many Parents or The Ancestors of Tehamana),Paul Gauguin,1893,"https://www.artic.edu/iiif/2/48268fc7-2eb4-ded6-1293-e91f27b66478/full/1686,/0/default.jpg"
artic_50909,artic,50909,The Art Institute of Chicago,https://www.artic.edu/artworks/50909/head-of-an-apostle,Head of an Apostle,Head of an Apostle,Unknown,1200,"https://www.artic.edu/iiif/2/73eb91ee-cde0-2f6d-843f-4f263d5c409f/full/1686,/0/default.jpg"
artic_65916,artic,65916,The Art Institute of Chicago,https://www.artic.edu/artworks/65916/movements,Movements,Movements,Marsden Hartley,1913,"https://www.artic.edu/iiif/2/173ec65a-bc7e-067c-fed1-1677bf5f26a9/full/1686,/0/default.jpg"
artic_88977,artic,88977,The Art Institute of Chicago,https://www.artic.edu/artworks/88977/evening-snow-on-a-floss-shaper-nurioke-no-bosetsu-from-the-series-eight-views-of-the-parlor-zashiki-hakkei,Evening Snow on a Floss Shaper (Nurioke no bosetsu),"Evening Snow on a Floss Shaper (Nurioke no bosetsu), from the series ""Eight Views of the Parlor (Zashiki hakkei)""",Suzuki Harunobu,1761,"https://www.artic.edu/iiif/2/229ac37a-143b-0dfe-7b01-b3da50ee6f18/full/1686,/0/default.jpg"
artic_187528,artic,187528,The Art Institute of Chicago,https://www.artic.edu/artworks/187528/head,Head,Head,Fang,1850,"https://www.artic.edu/iiif/2/73e4f1d9-97a2-1742-5235-72bfcaef9473/full/1686,/0/default.jpg"
artic_210511,artic,210511,The Art Institute of Chicago,https://www.artic.edu/artworks/210511/a-monumental-portrait-of-a-monkey,A Monumental Portrait of a Monkey,A Monumental Portrait of a Monkey,Stipple Master,1700,"https://www.artic.edu/iiif/2/67c7274f-612f-3180-0a12-e2c7ed5a7dd4/full/1686,/0/default.jpg"
artic_102131,artic,102131,The Art Institute of Chicago,https://www.artic.edu/artworks/102131/self-portrait-with-a-visor,Self-Portrait with a Visor,Self-Portrait with a Visor,Jean Baptiste Siméon Chardin,1771,"https://www.artic.edu/iiif/2/dfe5d0d9-5ef0-5ff7-dfa8-43a98d704493/full/1686,/0/default.jpg"
artic_111164,artic,111164,The Art Institute of Chicago,https://www.artic.edu/artworks/111164/green-and-blue-the-dancer,Green and Blue: The Dancer,Green and Blue: The Dancer,James McNeill Whistler,1888,"https://www.artic.edu/iiif/2/16c90e2f-1a1c-6b6d-d046-fcfdf20fab4e/full/1686,/0/default.jpg"
artic_89856,artic,89856,The Art Institute of Chicago,https://www.artic.edu/artworks/89856/the-actor-bando-mitsugoro-ii-as-ishii-genzo,The actor Bando Mitsugoro II as Ishii Genzo,The actor Bando Mitsugoro II as Ishii Genzo,Tōshūsai Sharaku,1794,"https://www.artic.edu/iiif/2/c0318a0c-9092-43ab-3237-6096d952b2c4/full/843,/0/default.jpg"
artic_52736,artic,52736,The Art Institute of Chicago,https://www.artic.edu/artworks/52736/the-letter-or-the-spanish-conversation,"The Letter, or The Spanish Conversation","The Letter, or The Spanish Conversation",Jean Honoré Fragonard,1773,"https://www.artic.edu/iiif/2/e1cd114a-18c7-f501-af90-4852b47facf1/full/843,/0/default.jpg"
artic_87088,artic,87088,The Art Institute of Chicago,https://www.artic.edu/artworks/87088/water-lily-pond,Water Lily Pond,Water Lily Pond,Claude Monet,1900,"https://www.artic.edu/iiif/2/8534685d-1102-e1e3-e194-94f6e925e8b0/full/1686,/0/default.jpg"
artic_4376,artic,4376,The Art Institute of Chicago,https://www.artic.edu/artworks/4376/the-nativity-and-the-adoration-of-the-shepherds,The Nativity and the Adoration of the Shepherds,The Nativity and the Adoration of the Shepherds,Nicoletto da Modena,1507,"https://www.artic.edu/iiif/2/9a8fe2a7-7db6-7dde-9e02-d759062d66fd/full/1686,/0/default.jpg"
artic_8980,artic,8980,The Art Institute of Chicago,https://www.artic.edu/artworks/8980/landscape-with-two-poplars,Landscape with Two Poplars,Landscape with Two Poplars,Vasily Kandinsky,1912,"https://www.artic.edu/iiif/2/9694ca0c-c4c4-e48d-566f-4d248990cff4/full/1686,/0/default.jpg"
artic_144467,artic,144467,The Art Institute of Chicago,https://www.artic.edu/artworks/144467/farm-near-duivendrecht,Farm near Duivendrecht,Farm near Duivendrecht,Piet Mondrian,1911,"https://www.artic.edu/iiif/2/b8ca5039-1d0c-648d-ad46-838ecea3e14c/full/1686,/0/default.jpg"
artic_9021,artic,9021,The Art Institute of Chicago,https://www.artic.edu/artworks/9021/the-bewitched-mill,The Bewitched Mill,The Bewitched Mill,Franz Marc,1913,"https://www.artic.edu/iiif/2/6829aab0-8d0e-9438-aebf-a1a379572951/full/1686,/0/default.jpg"
artic_9148,artic,9148,The Art Institute of Chicago,https://www.artic.edu/artworks/9148/ballet-dancers,Ballet Dancers,Ballet Dancers,Henri de Toulouse-Lautrec,1885,"https://www.artic.edu/iiif/2/43249182-2ef0-8d18-3d32-0b9af3606ed3/full/1686,/0/default.jpg"
artic_9378,artic,9378,The Art Institute of Chicago,https://www.artic.edu/artworks/9378/self-portrait,Self-Portrait,Self-Portrait,Cornelis Visscher,1649,"https://www.artic.edu/iiif/2/a05a0751-ae77-2e3a-9421-0d5a666c47fe/full/843,/0/default.jpg"
artic_11054,artic,11054,The Art Institute of Chicago,https://www.artic.edu/artworks/11054/no-32-seba-from-the-series-sixty-nine-stations-of-the-kisokaido-kisokaido-rokujukyu-tsugi-no-uchi,No. 32: Seba,"No. 32: Seba, from the series ""Sixty-nine Stations of the Kisokaido (Kisokaido rokujukyu tsugi no uchi)""",Utagawa Hiroshige,1830,"https://www.artic.edu/iiif/2/f7a5cc17-a592-2068-49db-fbc068e9491c/full/1686,/0/default.jpg"
artic_8746,artic,8746,The Art Institute of Chicago,https://www.artic.edu/artworks/8746/abstract-portrait-vessel-of-a-ruler-with-painted-face-resting-on-feet,Abstract Portrait Vessel of a Ruler with Painted Face Resting on Feet,Abstract Portrait Vessel of a Ruler with Painted Face Resting on Feet,Moche,100 BCE,"https://www.artic.edu/iiif/2/6545873f-56c1-7192-7332-0c1f3fc50b87/full/843,/0/default.jpg"
clevelandart_1925.801,clevelandart,1925.801,Cleveland Art Museum,https://www.clevelandart.org/art/1925.801,Down to the Harbor,Down to the Harbor,George G. Adomeit,1925,https://openaccess-cdn.clevelandart.org/1925.801/1925.801_print.jpg
clevelandart_1927.1323,clevelandart,1927.1323,Cleveland Art Museum,https://www.clevelandart.org/art/1927.1323,The Studio Table,The Studio Table,William Joseph Eastman,1926,https://openaccess-cdn.clevelandart.org/1927.1323/1927.1323_print.jpg
clevelandart_1924.682,clevelandart,1924.682,Cleveland Art Museum,https://www.clevelandart.org/art/1924.682,"Italian Night, Capri","Italian Night, Capri",William Joseph Eastman,1924,https://openaccess-cdn.clevelandart.org/1924.682/1924.682_print.jpg
clevelandart_1924.1424,clevelandart,1924.1424,Cleveland Art Museum,https://www.clevelandart.org/art/1924.1424,Jeanne Balzac,Jeanne Balzac,Eugene Edward Speicher,1923,https://openaccess-cdn.clevelandart.org/1924.1424/1924.1424_print.jpg
clevelandart_1950.397.a,clevelandart,1950.397.a,Cleveland Art Museum,https://www.clevelandart.org/art/1950.397.a,June (recto),June (recto),William Sommer,c. 1926,https://openaccess-cdn.clevelandart.org/1950.397.a/1950.397.a_print.jpg
clevelandart_1977.43,clevelandart,1977.43,Cleveland Art Museum,https://www.clevelandart.org/art/1977.43,Church Street El,Church Street El,Charles Sheeler,1920,https://openaccess-cdn.clevelandart.org/1977.43/1977.43_print.jpg
clevelandart_2009.269,clevelandart,2009.269,Cleveland Art Museum,https://www.clevelandart.org/art/2009.269,Rock at Sea,Rock at Sea,Raymond Jonson,1920–1922,https://openaccess-cdn.clevelandart.org/2009.269/2009.269_print.jpg
clevelandart_1926.1664,clevelandart,1926.1664,Cleveland Art Museum,https://www.clevelandart.org/art/1926.1664,Still Life,Still Life,Preston Dickinson,c. 1924,https://openaccess-cdn.clevelandart.org/1926.1664/1926.1664_print.jpg
clevelandart_2006.139,clevelandart,2006.139,Cleveland Art Museum,https://www.clevelandart.org/art/2006.139,Night Café,Night Café,Louis Marcoussis,c. 1923,https://openaccess-cdn.clevelandart.org/2006.139/2006.139_print.jpg
clevelandart_1917.400,clevelandart,1917.400,Cleveland Art Museum,https://www.clevelandart.org/art/1917.400,The Blue Feather,The Blue Feather,William J. Edmondson,1917,https://openaccess-cdn.clevelandart.org/1917.400/1917.400_print.jpg
clevelandart_1960.81,clevelandart,1960.81,Cleveland Art Museum,https://www.clevelandart.org/art/1960.81,Water Lilies (Agapanthus),Water Lilies (Agapanthus),Claude Monet,c. 1915–26,https://openaccess-cdn.clevelandart.org/1960.81/1960.81_print.jpg
clevelandart_1966.49,clevelandart,1966.49,Cleveland Art Museum,https://www.clevelandart.org/art/1966.49,Wrestlers in a Circus,Wrestlers in a Circus,Ernst Ludwig Kirchner,1909,https://openaccess-cdn.clevelandart.org/1966.49/1966.49_print.jpg
clevelandart_1964.282,clevelandart,1964.282,Cleveland Art Museum,https://www.clevelandart.org/art/1964.282,Valley of the Sédelle at Pont Charraud: White Frost,Valley of the Sédelle at Pont Charraud: White Frost,Armand Guillaumin,c.1903–1911,https://openaccess-cdn.clevelandart.org/1964.282/1964.282_print.jpg
clevelandart_1946.283,clevelandart,1946.283,Cleveland Art Museum,https://www.clevelandart.org/art/1946.283,The Contemplator,The Contemplator,Eugène Carrière,1901,https://openaccess-cdn.clevelandart.org/1946.283/1946.283_print.jpg
clevelandart_1935.233,clevelandart,1935.233,Cleveland Art Museum,https://www.clevelandart.org/art/1935.233,Vase of Flowers,Vase of Flowers,Odilon Redon,c. 1905,https://openaccess-cdn.clevelandart.org/1935.233/1935.233_print.jpg
clevelandart_2020.115,clevelandart,2020.115,Cleveland Art Museum,https://www.clevelandart.org/art/2020.115,Corn Fields,Corn Fields,Félix Vallotton,1900,https://openaccess-cdn.clevelandart.org/2020.115/2020.115_print.jpg
clevelandart_1979.14,clevelandart,1979.14,Cleveland Art Museum,https://www.clevelandart.org/art/1979.14,Self-Portrait with Hat and Coat,Self-Portrait with Hat and Coat,Lovis Corinth,1915,https://openaccess-cdn.clevelandart.org/1979.14/1979.14_print.jpg
clevelandart_1982.113,clevelandart,1982.113,Cleveland Art Museum,https://www.clevelandart.org/art/1982.113,Kangaroo,Kangaroo,Unknown,1900s,https://openaccess-cdn.clevelandart.org/1982.113/1982.113_print.jpg
clevelandart_2005.83,clevelandart,2005.83,Cleveland Art Museum,https://www.clevelandart.org/art/2005.83,"Rider and four-legged bovine creature in mauve, chartreuse and black palette","Rider and four-legged bovine creature in mauve, chartreuse and black palette",Unknown,1900s,https://openaccess-cdn.clevelandart.org/2005.83/2005.83_print.jpg
clevelandart_2020.106,clevelandart,2020.106,Cleveland Art Museum,https://www.clevelandart.org/art/2020.106,The Pink Cloud,The Pink Cloud,Henri-Edmond Cross,c. 1896,https://openaccess-cdn.clevelandart.org/2020.106/2020.106_print.jpg
clevelandart_1978.63,clevelandart,1978.63,Cleveland Art Museum,https://www.clevelandart.org/art/1978.63,In the Waves (Dans les Vagues),In the Waves (Dans les Vagues),Paul Gauguin,1889,https://openaccess-cdn.clevelandart.org/1978.63/1978.63_print.jpg
clevelandart_1947.209,clevelandart,1947.209,Cleveland Art Museum,https://www.clevelandart.org/art/1947.209,The Large Plane Trees (Road Menders at Saint-Rémy),The Large Plane Trees (Road Menders at Saint-Rémy),Vincent van Gogh,1889,https://openaccess-cdn.clevelandart.org/1947.209/1947.209_print.jpg
clevelandart_2001.161,clevelandart,2001.161,Cleveland Art Museum,https://www.clevelandart.org/art/2001.161,Worship of Dvaraka Nathji at Kankroli,Worship of Dvaraka Nathji at Kankroli,Unknown,c. 1880,https://openaccess-cdn.clevelandart.org/2001.161/2001.161_print.jpg
clevelandart_2003.121,clevelandart,2003.121,Cleveland Art Museum,https://www.clevelandart.org/art/2003.121,Lakshmi and Sarasvati,Lakshmi and Sarasvati,Unknown,c. 1890,https://openaccess-cdn.clevelandart.org/2003.121/2003.121_print.jpg
clevelandart_1950.89,clevelandart,1950.89,Cleveland Art Museum,https://www.clevelandart.org/art/1950.89,Reading,Reading,Berthe Morisot,1873,https://openaccess-cdn.clevelandart.org/1950.89/1950.89_print.jpg
clevelandart_1994.286,clevelandart,1994.286,Cleveland Art Museum,https://www.clevelandart.org/art/1994.286,The Music Party,The Music Party,Elihu Vedder,c. 1875,https://openaccess-cdn.clevelandart.org/1994.286/1994.286_print.jpg
clevelandart_1924.963,clevelandart,1924.963,Cleveland Art Museum,https://www.clevelandart.org/art/1924.963,An October Day,An October Day,Frank K. M. Rehn,before 1915,https://openaccess-cdn.clevelandart.org/1924.963/1924.963_print.jpg
clevelandart_1980.264,clevelandart,1980.264,Cleveland Art Museum,https://www.clevelandart.org/art/1980.264,Head of an Italian Woman,Head of an Italian Woman,Jean-Léon Gérôme,c. 1847,https://openaccess-cdn.clevelandart.org/1980.264/1980.264_print.jpg
clevelandart_1991.134.2,clevelandart,1991.134.2,Cleveland Art Museum,https://www.clevelandart.org/art/1991.134.2,Nathaniel Olds,Nathaniel Olds,Jeptha Homer Wade,1837,https://openaccess-cdn.clevelandart.org/1991.134.2/1991.134.2_print.jpg
clevelandart_1971.301,clevelandart,1971.301,Cleveland Art Museum,https://www.clevelandart.org/art/1971.301,"Krishna Returns with the Cowherds to Braj, from a Bhagavata Purana","Krishna Returns with the Cowherds to Braj, from a Bhagavata Purana",Unknown,c. 1830,https://openaccess-cdn.clevelandart.org/1971.301/1971.301_print.jpg
clevelandart_1919.914,clevelandart,1919.914,Cleveland Art Museum,https://www.clevelandart.org/art/1919.914,Minamoto no Yoshitsune,Minamoto no Yoshitsune,Unknown,1800–1868,https://openaccess-cdn.clevelandart.org/1919.914/1919.914_print.jpg
clevelandart_1946.431,clevelandart,1946.431,Cleveland Art Museum,https://www.clevelandart.org/art/1946.431,Portrait of Juan Maria Osorio,Portrait of Juan Maria Osorio,Agustín Esteve y Marques,c. 1786,https://openaccess-cdn.clevelandart.org/1946.431/1946.431_print.jpg
clevelandart_1975.40,clevelandart,1975.40,Cleveland Art Museum,https://www.clevelandart.org/art/1975.40,"Gaudi Ragini, page from a Ragamala series","Gaudi Ragini, page from a Ragamala series",Unknown,c. 1780–1800,https://openaccess-cdn.clevelandart.org/1975.40/1975.40_print.jpg
clevelandart_1960.183,clevelandart,1960.183,Cleveland Art Museum,https://www.clevelandart.org/art/1960.183,Thirty-Six Poetic Immortals,Thirty-Six Poetic Immortals,Tatebayashi Kagei,mid 1700s,https://openaccess-cdn.clevelandart.org/1960.183/1960.183_print.jpg
clevelandart_1988.70,clevelandart,1988.70,Cleveland Art Museum,https://www.clevelandart.org/art/1988.70,"Celebrations of Krishna's Birth, from a Bhagavata Purana","Celebrations of Krishna's Birth, from a Bhagavata Purana",Unknown,c. 1725–30,https://openaccess-cdn.clevelandart.org/1988.70/1988.70_print.jpg
metmuseum_437971,metmuseum,437971,The Metropolitan Museum of Art,https://www.metmuseum.org/art/collection/search/437971,The Young Virgin,The Young Virgin,Francisco de Zurbarán,ca. 1632–33,https://images.metmuseum.org/CRDImages/ep/original/DP-26971-001.jpg
metmuseum_435876,metmuseum,435876,The Metropolitan Museum of Art,https://www.metmuseum.org/art/collection/search/435876,Madame Cézanne in a Red Dress,"Madame Cézanne (Hortense Fiquet, 1850–1922) in a Red Dress",Paul Cézanne,1888–90,https://images.metmuseum.org/CRDImages/ep/original/DP320128.jpg
metmuseum_10065,metmuseum,10065,The Metropolitan Museum of Art,https://www.metmuseum.org/art/collection/search/10065,Repose,Repose,John White Alexander,1895,https://images.metmuseum.org/CRDImages/ad/original/DT1551.jpg
metmuseum_458956,metmuseum,458956,The Metropolitan Museum of Art,https://www.metmuseum.org/art/collection/search/458956,The Adoration of the Magi,The Adoration of the Magi,Bartolo di Fredi,ca. 1390,https://images.metmuseum.org/CRDImages/rl/original/DT3007.jpg
metmuseum_436819,metmuseum,436819,The Metropolitan Museum of Art,https://www.metmuseum.org/art/collection/search/436819,Mäda Primavesi,Mäda Primavesi (1903–2000),Gustav Klimt,1912–13,https://images.metmuseum.org/CRDImages/ep/original/DP243354.jpg
metmuseum_437658,metmuseum,437658,The Metropolitan Museum of Art,https://www.metmuseum.org/art/collection/search/437658,Study for A Sunday on La Grande Jatte,"Study for ""A Sunday on La Grande Jatte""",Georges Seurat,1884,https://images.metmuseum.org/CRDImages/ep/original/DP259921.jpg
metmuseum_10464,metmuseum,10464,The Metropolitan Museum of Art,https://www.metmuseum.org/art/collection/search/10464,At the Seaside,At the Seaside,William Merritt Chase,ca. 1892,https://images.metmuseum.org/CRDImages/ad/original/DT95.jpg
metmuseum_438822,metmuseum,438822,The Metropolitan Museum of Art,https://www.metmuseum.org/art/collection/search/438822,The Repast of the Lion,The Repast of the Lion,Henri Rousseau (le Douanier),ca. 1907,https://images.metmuseum.org/CRDImages/ep/original/DT50.jpg
metmuseum_16577,metmuseum,16577,The Metropolitan Museum of Art,https://www.metmuseum.org/art/collection/search/16577,Winter Scene in Moonlight,Winter Scene in Moonlight,Henry Farrer,1869,https://images.metmuseum.org/CRDImages/ad/original/DT1541.jpg
metmuseum_435962,metmuseum,435962,The Metropolitan Museum of Art,https://www.metmuseum.org/art/collection/search/435962,Hagar in the Wilderness,Hagar in the Wilderness,Camille Corot,1835,https://images.metmuseum.org/CRDImages/ep/original/DT2013.jpg
metmuseum_701989,metmuseum,701989,The Metropolitan Museum of Art,https://www.metmuseum.org/art/collection/search/701989,Emma Van Name,Emma Van Name,Joshua Johnson,ca. 1805,https://images.metmuseum.org/CRDImages/ad/original/DP-952-001.jpg
metmuseum_437835,metmuseum,437835,The Metropolitan Museum of Art,https://www.metmuseum.org/art/collection/search/437835,The Englishman at the Moulin Rouge,"The Englishman (William Tom Warrener, 1861–1934) at the Moulin Rouge",Henri de Toulouse-Lautrec,1892,https://images.metmuseum.org/CRDImages/ep/original/DT1500.jpg
metmuseum_459092,metmuseum,459092,The Metropolitan Museum of Art,https://www.metmuseum.org/art/collection/search/459092,Trees and Houses Near the Jas de Bouffan,Trees and Houses Near the Jas de Bouffan,Paul Cézanne,1885–86,https://images.metmuseum.org/CRDImages/rl/original/DT3108.jpg
metmuseum_17053,metmuseum,17053,The Metropolitan Museum of Art,https://www.metmuseum.org/art/collection/search/17053,Boys in a Dory,Boys in a Dory,Winslow Homer,1873,https://images.metmuseum.org/CRDImages/ad/original/DT5026.jpg
metmuseum_438815,metmuseum,438815,The Metropolitan Museum of Art,https://www.metmuseum.org/art/collection/search/438815,"Madame Georges Charpentier and Her Children, Georgette-Berthe and Paul-Émile-Charles","Madame Georges Charpentier (Marguérite-Louise Lemonnier, 1848–1904) and Her Children, Georgette-Berthe (1872–1945) and Paul-Émile-Charles (1875–1895)",Auguste Renoir,1878,https://images.metmuseum.org/CRDImages/ep/original/DT49.jpg
metmuseum_14931,metmuseum,14931,The Metropolitan Museum of Art,https://www.metmuseum.org/art/collection/search/14931,A Rose,A Rose,Thomas Anshutz,1907,https://images.metmuseum.org/CRDImages/ad/original/DT104.jpg
metmuseum_437299,metmuseum,437299,The Metropolitan Museum of Art,https://www.metmuseum.org/art/collection/search/437299,"Jalais Hill, Pontoise","Jalais Hill, Pontoise",Camille Pissarro,1867,https://images.metmuseum.org/CRDImages/ep/original/DT1859.jpg
metmuseum_11764,metmuseum,11764,The Metropolitan Museum of Art,https://www.metmuseum.org/art/collection/search/11764,Mrs. Mayer and Daughter,Mrs. Mayer and Daughter,Ammi Phillips,1835–40,https://images.metmuseum.org/CRDImages/ad/original/DT2063.jpg
metmuseum_437397,metmuseum,437397,The Metropolitan Museum of Art,https://www.metmuseum.org/art/collection/search/437397,Self-Portrait,Self-Portrait,Rembrandt (Rembrandt van Rijn),1660,https://images.metmuseum.org/CRDImages/ep/original/DP-16323-001.jpg
metmuseum_16584,metmuseum,16584,The Metropolitan Museum of Art,https://www.metmuseum.org/art/collection/search/16584,George Washington,George Washington,Gilbert Stuart,begun 1795,https://images.metmuseum.org/CRDImages/ad/original/DT62.jpg
metmuseum_436622,metmuseum,436622,The Metropolitan Museum of Art,https://www.metmuseum.org/art/collection/search/436622,Merrymakers at Shrovetide,Merrymakers at Shrovetide,Frans Hals,ca. 1616–17,https://images.metmuseum.org/CRDImages/ep/original/DP145901.jpg
metmuseum_11040,metmuseum,11040,The Metropolitan Museum of Art,https://www.metmuseum.org/art/collection/search/11040,Molly Wales Fobes,Molly Wales Fobes,Rufus Hathaway,1790,https://images.metmuseum.org/CRDImages/ad/original/DT2049.jpg
metmuseum_11981,metmuseum,11981,The Metropolitan Museum of Art,https://www.metmuseum.org/art/collection/search/11981,The Toilers of the Sea,The Toilers of the Sea,Albert Pinkham Ryder,ca. 1880–85,https://images.metmuseum.org/CRDImages/ad/original/DT228023.jpg
metmuseum_436603,metmuseum,436603,The Metropolitan Museum of Art,https://www.metmuseum.org/art/collection/search/436603,Samson Captured by the Philistines,Samson Captured by the Philistines,Guercino (Giovanni Francesco Barbieri),1619,https://images.metmuseum.org/CRDImages/ep/original/DT503.jpg
metmuseum_435868,metmuseum,435868,The Metropolitan Museum of Art,https://www.metmuseum.org/art/collection/search/435868,The Card Players,The Card Players,Paul Cézanne,1890–92,https://images.metmuseum.org/CRDImages/ep/original/DP231550.jpg
metmuseum_11145,metmuseum,11145,The Metropolitan Museum of Art,https://www.metmuseum.org/art/collection/search/11145,The Veteran in a New Field,The Veteran in a New Field,Winslow Homer,1865,https://images.metmuseum.org/CRDImages/ad/original/DP102298.jpg
metmuseum_12544,metmuseum,12544,The Metropolitan Museum of Art,https://www.metmuseum.org/art/collection/search/12544,Ocean Life,Ocean Life,James M. Sommerville,Unknown,https://images.metmuseum.org/CRDImages/ad/original/DT4897.jpg
metmuseum_18354,metmuseum,18354,The Metropolitan Museum of Art,https://www.metmuseum.org/art/collection/search/18354,Lake George and the Village of Caldwell,Lake George and the Village of Caldwell,Thomas Chambers,ca. 1850s,https://images.metmuseum.org/CRDImages/ad/original/ap66.242.17.jpg
metmuseum_435844,metmuseum,435844,The Metropolitan Museum of Art,https://www.metmuseum.org/art/collection/search/435844,The Musicians,The Musicians,Caravaggio (Michelangelo Merisi),1597,https://images.metmuseum.org/CRDImages/ep/original/DP-687-001.jpg
metmuseum_459123,metmuseum,459123,The Metropolitan Museum of Art,https://www.metmuseum.org/art/collection/search/459123,Madame Roulin and Her Baby,Madame Roulin and Her Baby,Vincent van Gogh,1888,https://images.metmuseum.org/CRDImages/rl/original/DT3154.jpg
metmuseum_436121,metmuseum,436121,The Metropolitan Museum of Art,https://www.metmuseum.org/art/collection/search/436121,A Woman Seated beside a Vase of Flowers,A Woman Seated beside a Vase of Flowers (Madame Paul Valpinçon?),Edgar Degas,1865,https://images.metmuseum.org/CRDImages/ep/original/DP-25460-001.jpg
metmuseum_437869,metmuseum,437869,The Metropolitan Museum of Art,https://www.metmuseum.org/art/collection/search/437869,Juan de Pareja,Juan de Pareja (ca. 1608–1670),Velázquez (Diego Rodríguez de Silva y Velázquez),1650,https://images.metmuseum.org/CRDImages/ep/original/DP-14286-001.jpg
metmuseum_437999,metmuseum,437999,The Metropolitan Museum of Art,https://www.metmuseum.org/art/collection/search/437999,Still Life with Teapot and Fruit,Still Life with Teapot and Fruit,Paul Gauguin,1896,https://images.metmuseum.org/CRDImages/ep/original/DT1027.jpg
metmuseum_438417,metmuseum,438417,The Metropolitan Museum of Art,https://www.metmuseum.org/art/collection/search/438417,Two Men Contemplating the Moon,Two Men Contemplating the Moon,Caspar David Friedrich,ca. 1825–30,https://images.metmuseum.org/CRDImages/ep/original/DP-31997-001.jpg
metmuseum_11325,metmuseum,11325,The Metropolitan Museum of Art,https://www.metmuseum.org/art/collection/search/11325,Sunset on the Sea,Sunset on the Sea,John Frederick Kensett,1872,https://images.metmuseum.org/CRDImages/ad/original/DT226485.jpg
metmuseum_438817,metmuseum,438817,The Metropolitan Museum of Art,https://www.metmuseum.org/art/collection/search/438817,The Dance Class,The Dance Class,Edgar Degas,1874,https://images.metmuseum.org/CRDImages/ep/original/DP-20101-001.jpg
metmuseum_436947,metmuseum,436947,The Metropolitan Museum of Art,https://www.metmuseum.org/art/collection/search/436947,Boating,Boating,Edouard Manet,1874,https://images.metmuseum.org/CRDImages/ep/original/DP-25466-001.jpg
metmuseum_10997,metmuseum,10997,The Metropolitan Museum of Art,https://www.metmuseum.org/art/collection/search/10997,Still Life—Violin and Music,Still Life—Violin and Music,William Michael Harnett,1888,https://images.metmuseum.org/CRDImages/ad/original/DT2046.jpg
metmuseum_11130,metmuseum,11130,The Metropolitan Museum of Art,https://www.metmuseum.org/art/collection/search/11130,Northeaster,Northeaster,Winslow Homer,1895; reworked by 1901,https://images.metmuseum.org/CRDImages/ad/original/DT1545.jpg
metmuseum_436545,metmuseum,436545,The Metropolitan Museum of Art,https://www.metmuseum.org/art/collection/search/436545,Manuel Osorio Manrique de Zuñiga,Manuel Osorio Manrique de Zuñiga (1784–1792),Goya (Francisco de Goya y Lucientes),1787–88,https://images.metmuseum.org/CRDImages/ep/original/DP287624.jpg
metmuseum_437430,metmuseum,437430,The Metropolitan Museum of Art,https://www.metmuseum.org/art/collection/search/437430,By the Seashore,By the Seashore,Auguste Renoir,1883,https://images.metmuseum.org/CRDImages/ep/original/DP-14936-039.jpg
metmuseum_436838,metmuseum,436838,The Metropolitan Museum of Art,https://www.metmuseum.org/art/collection/search/436838,The Fortune-Teller,The Fortune-Teller,Georges de La Tour,probably 1630s,https://images.metmuseum.org/CRDImages/ep/original/DP-14286-015.jpg
metmuseum_436535,metmuseum,436535,The Metropolitan Museum of Art,https://www.metmuseum.org/art/collection/search/436535,Wheat Field with Cypresses,Wheat Field with Cypresses,Vincent van Gogh,1889,https://images.metmuseum.org/CRDImages/ep/original/DT1567.jpg
metmuseum_435882,metmuseum,435882,The Metropolitan Museum of Art,https://www.metmuseum.org/art/collection/search/435882,Still Life with Apples and a Pot of Primroses,Still Life with Apples and a Pot of Primroses,Paul Cézanne,ca. 1890,https://images.metmuseum.org/CRDImages/ep/original/DT47.jpg
metmuseum_437826,metmuseum,437826,The Metropolitan Museum of Art,https://www.metmuseum.org/art/collection/search/437826,Venus and Adonis,Venus and Adonis,Titian (Tiziano Vecellio),1550s,https://images.metmuseum.org/CRDImages/ep/original/DP-19299-001.jpg
metmuseum_10154,metmuseum,10154,The Metropolitan Museum of Art,https://www.metmuseum.org/art/collection/search/10154,"The Rocky Mountains, Lander's Peak","The Rocky Mountains, Lander's Peak",Albert Bierstadt,1863,https://images.metmuseum.org/CRDImages/ad/original/DT82.jpg
metmuseum_11417,metmuseum,11417,The Metropolitan Museum of Art,https://www.metmuseum.org/art/collection/search/11417,Washington Crossing the Delaware,Washington Crossing the Delaware,Emanuel Leutze,1851,https://images.metmuseum.org/CRDImages/ad/original/DP215410.jpg
metmuseum_437879,metmuseum,437879,The Metropolitan Museum of Art,https://www.metmuseum.org/art/collection/search/437879,Study of a Young Woman,Study of a Young Woman,Johannes Vermeer,ca. 1665–67,https://images.metmuseum.org/CRDImages/ep/original/DP353256.jpg
metmuseum_436532,metmuseum,436532,The Metropolitan Museum of Art,https://www.metmuseum.org/art/collection/search/436532,Self-Portrait with a Straw Hat,Self-Portrait with a Straw Hat (obverse: The Potato Peeler),Vincent van Gogh,1887,https://images.metmuseum.org/CRDImages/ep/original/DT1502_cropped2.jpg
metmuseum_459052,metmuseum,459052,The Metropolitan Museum of Art,https://www.metmuseum.org/art/collection/search/459052,A Goldsmith in his Shop,A Goldsmith in his Shop,Petrus Christus,1449,https://images.metmuseum.org/CRDImages/rl/original/DT711.jpg
metmuseum_436528,metmuseum,436528,The Metropolitan Museum of Art,https://www.metmuseum.org/art/collection/search/436528,Irises,Irises,Vincent van Gogh,1890,https://images.metmuseum.org/CRDImages/ep/original/DP346474.jpg
metmuseum_437654,metmuseum,437654,The Metropolitan Museum of Art,https://www.metmuseum.org/art/collection/search/437654,Circus Sideshow (Parade de cirque),Circus Sideshow (Parade de cirque),Georges Seurat,1887–88,https://images.metmuseum.org/CRDImages/ep/original/DP375450_cropped.jpg
metmuseum_656430,metmuseum,656430,The Metropolitan Museum of Art,https://www.metmuseum.org/art/collection/search/656430,Portrait of Yun Dongseom,Portrait of Yun Dongseom (1710–1795),Unidentified artist,ca. 1790–1805,https://images.metmuseum.org/CRDImages/as/original/DP341229.jpg
metmuseum_38038,metmuseum,38038,The Metropolitan Museum of Art,https://www.metmuseum.org/art/collection/search/38038,A Lady Playing the Tanpura,A Lady Playing the Tanpura,Unknown,ca. 1735,https://images.metmuseum.org/CRDImages/as/original/DT243.jpg
metmuseum_49156,metmuseum,49156,The Metropolitan Museum of Art,https://www.metmuseum.org/art/collection/search/49156,The Kangxi Emperor's Southern Inspection Tour,"The Kangxi Emperor's Southern Inspection Tour, Scroll Three: Ji'nan to Mount Tai",Wang Hui,datable to 1698,https://images.metmuseum.org/CRDImages/as/original/DP105303_CRD.jpg
metmuseum_44918,metmuseum,44918,The Metropolitan Museum of Art,https://www.metmuseum.org/art/collection/search/44918,Rough Waves,Rough Waves,Ogata Kōrin,ca. 1704–9,https://images.metmuseum.org/CRDImages/as/original/DT1615.jpg
metmuseum_37854,metmuseum,37854,The Metropolitan Museum of Art,https://www.metmuseum.org/art/collection/search/37854,Vilaval Ragini: Folio from a ragamala series,Vilaval Ragini: Folio from a ragamala series (Garland of Musical Modes),Unknown,ca. 1680,https://images.metmuseum.org/CRDImages/as/original/DP259541.jpg
metmuseum_75274,metmuseum,75274,The Metropolitan Museum of Art,https://www.metmuseum.org/art/collection/search/75274,Buddha Shakyamuni as Lord of the Munis,"Buddha Shakyamuni as ""Lord of the Munis""",Unknown,mid-17th century,https://images.metmuseum.org/CRDImages/as/original/DP279243_edt.jpg
metmuseum_65584,metmuseum,65584,The Metropolitan Museum of Art,https://www.metmuseum.org/art/collection/search/65584,Krishna Revels with the Gopis: Page from a Dispersed Gita Govinda,Krishna Revels with the Gopis: Page from a Dispersed Gita Govinda (Song of the Cowherds),Unknown,ca. 1630–40,https://images.metmuseum.org/CRDImages/as/original/DP152290.jpg
metmuseum_37802,metmuseum,37802,The Metropolitan Museum of Art,https://www.metmuseum.org/art/collection/search/37802,Mandala of Jnanadakini,Mandala of Jnanadakini,Unknown,late 14th century,https://images.metmuseum.org/CRDImages/as/original/DP-30187-002.jpg
metmuseum_11114,metmuseum,11114,The Metropolitan Museum of Art,https://www.metmuseum.org/art/collection/search/11114,Channel Bass,Channel Bass,Winslow Homer,1904,https://images.metmuseum.org/CRDImages/ad/original/DP-21453-001.jpg
metmuseum_339671,metmuseum,339671,The Metropolitan Museum of Art,https://www.metmuseum.org/art/collection/search/339671,Armor,Armor,Odilon Redon,1891,https://images.metmuseum.org/CRDImages/dp/original/DP139626.jpg
metmuseum_336327,metmuseum,336327,The Metropolitan Museum of Art,https://www.metmuseum.org/art/collection/search/336327,Corridor in the Asylum,Corridor in the Asylum,Vincent van Gogh,September 1889,https://images.metmuseum.org/CRDImages/dp/original/DT365509.jpg
metmuseum_10360,metmuseum,10360,The Metropolitan Museum of Art,https://www.metmuseum.org/art/collection/search/10360,Little Ida,Little Ida,Charles Calverley,1869; carved 1881,https://images.metmuseum.org/CRDImages/ad/original/04.38.2.jpg
metmuseum_337500,metmuseum,337500,The Metropolitan Museum of Art,https://www.metmuseum.org/art/collection/search/337500,Lady Lilith,Lady Lilith,Dante Gabriel Rossetti,1867,https://images.metmuseum.org/CRDImages/dp/original/DP289717.jpg
metmuseum_823660,metmuseum,823660,The Metropolitan Museum of Art,https://www.metmuseum.org/art/collection/search/823660,Serape,Serape,Unidentified,ca. 1840–50,https://images.metmuseum.org/CRDImages/ad/original/DP-17953-001.jpg
metmuseum_2408,metmuseum,2408,The Metropolitan Museum of Art,https://www.metmuseum.org/art/collection/search/2408,Sugar pot,Sugar pot,Unknown,1820–40,https://images.metmuseum.org/CRDImages/ad/original/DT158.jpg
metmuseum_674,metmuseum,674,The Metropolitan Museum of Art,https://www.metmuseum.org/art/collection/search/674,Basin,Basin,Master Potter A,ca. 1650,https://images.metmuseum.org/CRDImages/ad/original/DT11610.jpg
metmuseum_451023,metmuseum,451023,The Metropolitan Museum of Art,https://www.metmuseum.org/art/collection/search/451023,The Lovers,The Lovers,Riza-yi 'Abbasi,dated 1039 AH/1630 CE,https://images.metmuseum.org/CRDImages/is/original/DP240654.jpg
metmuseum_25111,metmuseum,25111,The Metropolitan Museum of Art,https://www.metmuseum.org/art/collection/search/25111,Album of Tournaments and Parades in Nuremberg,Album of Tournaments and Parades in Nuremberg,Unknown,late 16th–mid-17th century,https://images.metmuseum.org/CRDImages/aa/original/DT770.jpg
metmuseum_469913,metmuseum,469913,The Metropolitan Museum of Art,https://www.metmuseum.org/art/collection/search/469913,Saint Anthony Abbot,Saint Anthony Abbot,Nikolaus von Hagenau,ca. 1500,https://images.metmuseum.org/CRDImages/cl/original/DP366918.jpg
metmuseum_78187,metmuseum,78187,The Metropolitan Museum of Art,https://www.metmuseum.org/art/collection/search/78187,Head of Bhairava,Head of Bhairava,Unknown,16th century,https://images.metmuseum.org/CRDImages/as/original/DP307219.jpg
metmuseum_467642,metmuseum,467642,The Metropolitan Museum of Art,https://www.metmuseum.org/art/collection/search/467642,The Unicorn Rests in a Garden,The Unicorn Rests in a Garden (from the Unicorn Tapestries),Unknown,1495–1505,https://images.metmuseum.org/CRDImages/cl/original/DP118991.jpg
metmuseum_463188,metmuseum,463188,The Metropolitan Museum of Art,https://www.metmuseum.org/art/collection/search/463188,Courtiers in a Rose Garden: A Lady and Two Gentlemen,Courtiers in a Rose Garden: A Lady and Two Gentlemen,Unknown,ca. 1440–50,https://images.metmuseum.org/CRDImages/md/original/DT153.jpg
metmuseum_466178,metmuseum,466178,The Metropolitan Museum of Art,https://www.metmuseum.org/art/collection/search/466178,Fragment of a Tapestry or Wall Hanging,Fragment of a Tapestry or Wall Hanging,Unknown,ca. 1420–30,https://images.metmuseum.org/CRDImages/cl/original/MED610v2.jpg
metmuseum_453683,metmuseum,453683,The Metropolitan Museum of Art,https://www.metmuseum.org/art/collection/search/453683,Jonah and the Whale,"""Jonah and the Whale"", Folio from a Jami al-Tavarikh (Compendium of Chronicles)",Unknown,ca. 1400,https://images.metmuseum.org/CRDImages/is/original/DP247599.jpg
metmuseum_39735,metmuseum,39735,The Metropolitan Museum of Art,https://www.metmuseum.org/art/collection/search/39735,Panel with Peonies and Butterfly,Panel with Peonies and Butterfly,Unknown,late 14th–15th century,https://images.metmuseum.org/CRDImages/as/original/DT834.jpg
metmuseum_39737,metmuseum,39737,The Metropolitan Museum of Art,https://www.metmuseum.org/art/collection/search/39737,"Textile with Animals, Birds, and Flowers","Textile with Animals, Birds, and Flowers",Unknown,late 12th–14th century,https://images.metmuseum.org/CRDImages/as/original/DT835.jpg
metmuseum_465991,metmuseum,465991,The Metropolitan Museum of Art,https://www.metmuseum.org/art/collection/search/465991,Angels Swinging Censers,Angels Swinging Censers,Unknown,ca. 1170,https://images.metmuseum.org/CRDImages/md/original/DP-20496-001.jpg
metmuseum_38006,metmuseum,38006,The Metropolitan Museum of Art,https://www.metmuseum.org/art/collection/search/38006,Portrait of the Indian Monk Atisha,Portrait of the Indian Monk Atisha,Unknown,early to mid-12th century,https://images.metmuseum.org/CRDImages/as/original/DP-15583-019.jpg
metmuseum_38265,metmuseum,38265,The Metropolitan Museum of Art,https://www.metmuseum.org/art/collection/search/38265,Brahma,Brahma,Unknown,first quarter of the 10th century,https://images.metmuseum.org/CRDImages/as/original/DT5227.jpg
metmuseum_313240,metmuseum,313240,The Metropolitan Museum of Art,https://www.metmuseum.org/art/collection/search/313240,Relief with Enthroned Ruler,Relief with Enthroned Ruler,Chakalte',early 770s,https://images.metmuseum.org/CRDImages/ao/original/DP104826.jpg
metmuseum_42163,metmuseum,42163,The Metropolitan Museum of Art,https://www.metmuseum.org/art/collection/search/42163,"Buddha, probably Amitabha","Buddha, probably Amitabha",Unknown,early 7th century,https://images.metmuseum.org/CRDImages/as/original/DP-15581-004.jpg
metmuseum_309428,metmuseum,309428,The Metropolitan Museum of Art,https://www.metmuseum.org/art/collection/search/309428,"Ear Ornament, Winged Runner","Ear Ornament, Winged Runner",Unknown,400–700 CE,https://images.metmuseum.org/CRDImages/ao/original/DP-25717-001.jpg
metmuseum_252884,metmuseum,252884,The Metropolitan Museum of Art,https://www.metmuseum.org/art/collection/search/252884,Marble portrait head of the Emperor Constantine I,Marble portrait head of the Emperor Constantine I,Unknown,ca. 325–370 CE,https://images.metmuseum.org/CRDImages/gr/original/DP138715.jpg
metmuseum_322585,metmuseum,322585,The Metropolitan Museum of Art,https://www.metmuseum.org/art/collection/search/322585,Panel with striding lion,Panel with striding lion,Unknown,ca. 604–562 BCE,https://images.metmuseum.org/CRDImages/an/original/DT891.jpg
metmuseum_544227,metmuseum,544227,The Metropolitan Museum of Art,https://www.metmuseum.org/art/collection/search/544227,Hippopotamus,"Hippopotamus (""William"")",Unknown,ca. 1961–1878 B.C.,https://images.metmuseum.org/CRDImages/eg/original/DP248992.jpg
metmuseum_250951,metmuseum,250951,The Metropolitan Museum of Art,https://www.metmuseum.org/art/collection/search/250951,Marble akroterion,Marble akroterion,Unknown,ca. 350–325 BCE,https://images.metmuseum.org/CRDImages/gr/original/DT259543.jpg
metmuseum_254801,metmuseum,254801,The Metropolitan Museum of Art,https://www.metmuseum.org/art/collection/search/254801,Terracotta funerary plaque,Terracotta funerary plaque,Unknown,ca. 520–510 BCE,https://images.metmuseum.org/CRDImages/gr/original/DT200607.jpg
metmuseum_248902,metmuseum,248902,The Metropolitan Museum of Art,https://www.metmuseum.org/art/collection/search/248902,Terracotta Panathenaic prize amphora,Terracotta Panathenaic prize amphora,Euphiletos Painter,ca. 530 BCE,https://images.metmuseum.org/CRDImages/gr/original/DP245713.jpg
nga_50724,nga,50724,National Gallery of Art,https://www.nga.gov/collection/art-object-page.50724.html,Ginevra de' Benci [obverse],Ginevra de' Benci [obverse],Leonardo da Vinci,1474,https://media.nga.gov/iiif/8f29e3c9-a289-4d53-abf0-31a66e9e98fa/full/full/0/default.jpg?attachment_filename=ginevra_de%27_benci__obverse__1967.6.1.a.jpg
nga_51,nga,51,National Gallery of Art,https://www.nga.gov/collection/art-object-page.51.html,Portrait of a Lady,Portrait of a Lady,Rogier van der Weyden,1460,https://media.nga.gov/iiif/513e34ae-b923-4aed-a85d-453d1a3b4fa3/full/full/0/default.jpg?attachment_filename=portrait_of_a_lady_1937.1.44.jpg
nga_163184,nga,163184,National Gallery of Art,https://www.nga.gov/collection/art-object-page.163184.html,The Concert,The Concert,Gerrit van Honthorst,1623,https://media.nga.gov/iiif/c66840d0-00b2-47d1-a4de-d157ad5712c2/full/full/0/default.jpg?attachment_filename=the_concert_2013.38.1.jpg
nga_60,nga,60,National Gallery of Art,https://www.nga.gov/collection/art-object-page.60.html,Girl with the Red Hat,Girl with the Red Hat,Johannes Vermeer,c. 1669,https://media.nga.gov/iiif/b705a403-3496-42e8-abf5-a37e34c32198/full/full/0/default.jpg?attachment_filename=girl_with_the_red_hat_1937.1.53.jpg
nga_166457,nga,166457,National Gallery of Art,https://www.nga.gov/collection/art-object-page.166457.html,"Grace Allison McCurdy and Her Daughters, Mary Jane and Letitia Grace","Grace Allison McCurdy (Mrs. Hugh McCurdy) and Her Daughters, Mary Jane and Letitia Grace",Joshua Johnson,1806,https://media.nga.gov/iiif/9693cf05-1a96-4da7-ab21-dfa2f10e81b6/full/full/0/default.jpg?attachment_filename=grace_allison_mccurdy_%28mrs._hugh_mccurdy%29_and_her_daughters%2C_mary_jane_and_letitia_grace_2014.136.146.jpg
nga_46569,nga,46569,National Gallery of Art,https://www.nga.gov/collection/art-object-page.46569.html,The Boating Party,The Boating Party,Mary Cassatt,1893,https://media.nga.gov/iiif/da9ff160-755f-4f9a-a78c-75727ce61a3b/full/full/0/default.jpg?attachment_filename=the_boating_party_1963.10.94.jpg
nga_74796,nga,74796,National Gallery of Art,https://www.nga.gov/collection/art-object-page.74796.html,The Japanese Footbridge,The Japanese Footbridge,Claude Monet,1899,https://media.nga.gov/iiif/0b9cefb5-1ee4-401a-8154-8d4039191a28/full/full/0/default.jpg?attachment_filename=the_japanese_footbridge_1992.9.1.jpg
nga_35080,nga,35080,National Gallery of Art,https://www.nga.gov/collection/art-object-page.35080.html,Nonchaloir (Repose),Nonchaloir (Repose),John Singer Sargent,1911,https://media.nga.gov/iiif/718e014f-fb5f-4702-a95a-db496abefeb7/full/full/0/default.jpg?attachment_filename=nonchaloir_%28repose%29_1948.16.1.jpg
nga_30115,nga,30115,National Gallery of Art,https://www.nga.gov/collection/art-object-page.30115.html,"Allies Day, May 1917","Allies Day, May 1917",Childe Hassam,1917,https://media.nga.gov/iiif/15f8bb8b-ad0f-49e1-9948-60e87ede6be6/full/full/0/default.jpg?attachment_filename=allies_day%2C_may_1917_1943.9.1.jpg
nga_56662,nga,56662,National Gallery of Art,https://www.nga.gov/collection/art-object-page.56662.html,Baby (Cradle),Baby (Cradle),Gustav Klimt,1917,https://media.nga.gov/iiif/c9129cd8-4893-443a-ac43-8a64fdab5852/full/full/0/default.jpg?attachment_filename=baby_%28cradle%29_1978.41.1.jpg
nga_46519,nga,46519,National Gallery of Art,https://www.nga.gov/collection/art-object-page.46519.html,Café Singer,Café Singer,Amedeo Modigliani,1917,https://media.nga.gov/iiif/ad117357-25b4-4058-b01a-7ea0db281ea0/full/full/0/default.jpg?attachment_filename=cafe_singer_1963.10.44.jpg
nga_166491,nga,166491,National Gallery of Art,https://www.nga.gov/collection/art-object-page.166491.html,Glass and Checkerboard,Glass and Checkerboard,Juan Gris,1917,https://media.nga.gov/iiif/d4ca2b12-bdf1-4360-a3de-4fb2b1927481/full/full/0/default.jpg?attachment_filename=glass_and_checkerboard_2017.122.1.jpg
nga_71239,nga,71239,National Gallery of Art,https://www.nga.gov/collection/art-object-page.71239.html,The Visit - Couple and Newcomer,The Visit - Couple and Newcomer,Ernst Ludwig Kirchner,1922,https://media.nga.gov/iiif/fba12450-1534-43b6-a871-2cc51fc428f9/full/full/0/default.jpg?attachment_filename=the_visit_-_couple_and_newcomer_1989.60.2.jpg
nga_46657,nga,46657,National Gallery of Art,https://www.nga.gov/collection/art-object-page.46657.html,"Palazzo da Mula, Venice","Palazzo da Mula, Venice",Claude Monet,1908,https://media.nga.gov/iiif/f339a180-c87a-446b-8605-060f7b53f1a3/full/full/0/default.jpg?attachment_filename=palazzo_da_mula%2C_venice_1963.10.182.jpg
nga_46688,nga,46688,National Gallery of Art,https://www.nga.gov/collection/art-object-page.46688.html,The Equatorial Jungle,The Equatorial Jungle,Henri Rousseau,1909,https://media.nga.gov/iiif/c6518c61-98bb-4759-9042-b4bc2ec343ef/full/full/0/default.jpg?attachment_filename=the_equatorial_jungle_1963.10.213.jpg
nga_62640,nga,62640,National Gallery of Art,https://www.nga.gov/collection/art-object-page.62640.html,Siberian Dogs in the Snow,Siberian Dogs in the Snow,Franz Marc,1909,https://media.nga.gov/iiif/bc95069a-43c7-4dc5-bbe4-8b34041203ed/full/full/0/default.jpg?attachment_filename=siberian_dogs_in_the_snow_1983.97.1.jpg
nga_52444,nga,52444,National Gallery of Art,https://www.nga.gov/collection/art-object-page.52444.html,Family Group,Family Group,William Glackens,1910,https://media.nga.gov/iiif/82934d52-e0c1-4a48-b0fd-d96402b3921c/full/full/0/default.jpg?attachment_filename=family_group_1971.12.1.jpg
nga_206651,nga,206651,National Gallery of Art,https://www.nga.gov/collection/art-object-page.206651.html,"High Bridge at Night, New York City","High Bridge at Night, New York City",Ernest Lawson,1910,https://media.nga.gov/iiif/1751b321-4ea2-4253-aad6-82772d610e00/full/full/0/default.jpg?attachment_filename=high_bridge_at_night%2C_new_york_city_2016.129.1.jpg
nga_54131,nga,54131,National Gallery of Art,https://www.nga.gov/collection/art-object-page.54131.html,Murnau,Murnau,Alexej von Jawlensky,1910,https://media.nga.gov/iiif/25378dc6-d789-4af1-ba58-480bc250f43e/full/full/0/default.jpg?attachment_filename=murnau_1973.69.1.jpg
nga_108617,nga,108617,National Gallery of Art,https://www.nga.gov/collection/art-object-page.108617.html,The Bathers,The Bathers,Roger de La Fresnaye,1912,https://media.nga.gov/iiif/e784f7c8-96d2-4e2d-8e6e-1523e7d0f151/full/full/0/default.jpg?attachment_filename=the_bathers_2000.51.1.jpg
nga_46622,nga,46622,National Gallery of Art,https://www.nga.gov/collection/art-object-page.46622.html,The Basket of Flowers,The Basket of Flowers,Frederick Carl Frieseke,1913,https://media.nga.gov/iiif/ff1d89ca-7eb4-445d-87cd-35214bd3fff2/full/full/0/default.jpg?attachment_filename=the_basket_of_flowers_1963.10.147.jpg
nga_52397,nga,52397,National Gallery of Art,https://www.nga.gov/collection/art-object-page.52397.html,Political Drama,Political Drama,Robert Delaunay,1914,https://media.nga.gov/iiif/c7872b3a-6d88-4718-bac3-b52fa6278d73/full/full/0/default.jpg?attachment_filename=political_drama_1971.2.1.jpg
nga_121097,nga,121097,National Gallery of Art,https://www.nga.gov/collection/art-object-page.121097.html,Bathers,Bathers,Otto Mueller,1916,https://media.nga.gov/iiif/26af0947-66b6-4a70-bd05-823551f47bce/full/full/0/default.jpg?attachment_filename=bathers_2020.112.3.jpg
nga_66431,nga,66431,National Gallery of Art,https://www.nga.gov/collection/art-object-page.66431.html,Salem Cove,Salem Cove,Maurice Prendergast,1915,https://media.nga.gov/iiif/249223aa-3fd2-4591-ae57-8a472e8ba5fc/full/full/0/default.jpg?attachment_filename=salem_cove_1985.64.33.jpg
nga_219555,nga,219555,National Gallery of Art,https://www.nga.gov/collection/art-object-page.219555.html,Denise Maréchal,Denise Maréchal,Théo van Rysselberghe,1894,https://media.nga.gov/iiif/8319cbb0-0cb2-4a26-9943-2baaf62c481b/full/full/0/default.jpg?attachment_filename=denise_marechal_2019.118.1.jpg
nga_46524,nga,46524,National Gallery of Art,https://www.nga.gov/collection/art-object-page.46524.html,"Rouen Cathedral, West Façade","Rouen Cathedral, West Façade",Claude Monet,1894,https://media.nga.gov/iiif/413faf9b-5d86-468a-8363-eea43c7fe9ba/full/full/0/default.jpg?attachment_filename=rouen_cathedral%2C_west_facade_1963.10.49.jpg
nga_158587,nga,158587,National Gallery of Art,https://www.nga.gov/collection/art-object-page.158587.html,Sunset at Scheveningen: A Fleet of Fishing Vessels at Anchor,Sunset at Scheveningen:  A Fleet of Fishing Vessels at Anchor,Hendrik Willem Mesdag,1894,https://media.nga.gov/iiif/6340c60b-570f-4872-b3be-16858dccafd0/full/full/0/default.jpg?attachment_filename=sunset_at_scheveningen___a_fleet_of_fishing_vessels_at_anchor_2012.48.1.jpg
nga_46538,nga,46538,National Gallery of Art,https://www.nga.gov/collection/art-object-page.46538.html,Boy on the Rocks,Boy on the Rocks,Henri Rousseau,1895,https://media.nga.gov/iiif/c5bb7c2b-675e-4c31-8674-2e229e22a40b/full/full/0/default.jpg?attachment_filename=boy_on_the_rocks_1963.10.63.jpg
nga_72012,nga,72012,National Gallery of Art,https://www.nga.gov/collection/art-object-page.72012.html,Marcelle Lender Dancing the Bolero in Chilpéric,"Marcelle Lender Dancing the Bolero in ""Chilpéric""",Henri de Toulouse-Lautrec,1895,https://media.nga.gov/iiif/559cc50c-6e1b-47e3-82b0-547b14e2160a/full/full/0/default.jpg?attachment_filename=marcelle_lender_dancing_the_bolero_in__chilperic__1990.127.1.jpg
nga_61388,nga,61388,National Gallery of Art,https://www.nga.gov/collection/art-object-page.61388.html,Woman in a Striped Dress,Woman in a Striped Dress,Edouard Vuillard,1895,https://media.nga.gov/iiif/d2920459-884b-4c3a-995b-e30f4ddcca67/full/full/0/default.jpg?attachment_filename=woman_in_a_striped_dress_1983.1.38.jpg
nga_46597,nga,46597,National Gallery of Art,https://www.nga.gov/collection/art-object-page.46597.html,Four Dancers,Four Dancers,Edgar Degas,1899,https://media.nga.gov/iiif/8677586b-668f-42c9-b76c-f4ab7bdac80d/full/full/0/default.jpg?attachment_filename=four_dancers_1963.10.122.jpg
nga_52220,nga,52220,National Gallery of Art,https://www.nga.gov/collection/art-object-page.52220.html,Young Spanish Woman with a Guitar,Young Spanish Woman with a Guitar,Auguste Renoir,1898,https://media.nga.gov/iiif/4ea1a505-ffe0-4045-9323-454992344051/full/full/0/default.jpg?attachment_filename=young_spanish_woman_with_a_guitar_1970.17.76.jpg
nga_66406,nga,66406,National Gallery of Art,https://www.nga.gov/collection/art-object-page.66406.html,The Bend in the Road,The Bend in the Road,Paul Cézanne,1900,https://media.nga.gov/iiif/ed2aa02e-6875-48dc-bcc9-d31f2a1e496f/full/full/0/default.jpg?attachment_filename=the_bend_in_the_road_1985.64.8.jpg
nga_130841,nga,130841,National Gallery of Art,https://www.nga.gov/collection/art-object-page.130841.html,Still Life with Bottles and Fruit,Still Life with Bottles and Fruit,Alexej von Jawlensky,1900,https://media.nga.gov/iiif/1f52e0d0-5111-4098-954a-452e1e0eee05/full/full/0/default.jpg?attachment_filename=still_life_with_bottles_and_fruit_2004.140.38.jpg
nga_42929,nga,42929,National Gallery of Art,https://www.nga.gov/collection/art-object-page.42929.html,Snow in New York,Snow in New York,Robert Henri,1902,https://media.nga.gov/iiif/243000de-3236-4cca-b4d5-6f4fe08b5ad7/full/full/0/default.jpg?attachment_filename=snow_in_new_york_1954.4.3.jpg
nga_46523,nga,46523,National Gallery of Art,https://www.nga.gov/collection/art-object-page.46523.html,"The Houses of Parliament, Sunset","The Houses of Parliament, Sunset",Claude Monet,1903,https://media.nga.gov/iiif/9eae6258-ec1c-442f-b353-a89cff510113/full/full/0/default.jpg?attachment_filename=the_houses_of_parliament%2C_sunset_1963.10.48.jpg
nga_108382,nga,108382,National Gallery of Art,https://www.nga.gov/collection/art-object-page.108382.html,Study of Lilia,Study of Lilia,Carolus-Duran,1887,https://media.nga.gov/iiif/3c84677d-13b9-4a27-a3ca-2e6705bdd4f0/full/full/0/default.jpg?attachment_filename=study_of_lilia_1999.45.1.jpg
nga_61369,nga,61369,National Gallery of Art,https://www.nga.gov/collection/art-object-page.61369.html,"Breton Girls Dancing, Pont-Aven","Breton Girls Dancing, Pont-Aven",Paul Gauguin,1888,https://media.nga.gov/iiif/732faae9-f8fe-459b-b86e-1c6039024179/full/full/0/default.jpg?attachment_filename=breton_girls_dancing%2C_pont-aven_1983.1.19.jpg
nga_52215,nga,52215,National Gallery of Art,https://www.nga.gov/collection/art-object-page.52215.html,Young Girl Reading,Young Girl Reading,Auguste Renoir,1888,https://media.nga.gov/iiif/6462ab17-0175-403d-9af4-fa89dc453263/full/full/0/default.jpg?attachment_filename=young_girl_reading_1970.17.71.jpg
nga_106382,nga,106382,National Gallery of Art,https://www.nga.gov/collection/art-object-page.106382.html,Self-Portrait,Self-Portrait,Vincent van Gogh,1889,https://media.nga.gov/iiif/54ee6643-e0f9-4b92-a1d2-441e5108724d/full/full/0/default.jpg?attachment_filename=self-portrait_1998.74.5.jpg
nga_66430,nga,66430,National Gallery of Art,https://www.nga.gov/collection/art-object-page.66430.html,"Charing Cross Bridge, London","Charing Cross Bridge, London",Camille Pissarro,1890,https://media.nga.gov/iiif/b4419dc5-cea3-4a69-9c48-60a896901ca1/full/full/0/default.jpg?attachment_filename=charing_cross_bridge%2C_london_1985.64.32.jpg
nga_116570,nga,116570,National Gallery of Art,https://www.nga.gov/collection/art-object-page.116570.html,Farmhouse at Le Pouldu,Farmhouse at Le Pouldu,Paul Sérusier,1890,https://media.nga.gov/iiif/b51d9c85-e16b-4dd0-8eb0-ec0d13466005/full/full/0/default.jpg?attachment_filename=farmhouse_at_le_pouldu_2000.95.1.jpg
nga_61248,nga,61248,National Gallery of Art,https://www.nga.gov/collection/art-object-page.61248.html,Calanque des Antibois,Calanque des Antibois,Henri Edmond Cross,1891,https://media.nga.gov/iiif/b7ab66f0-1522-46e6-b6e0-128875563fbb/full/full/0/default.jpg?attachment_filename=calanque_des_antibois_1982.76.2.jpg
nga_52956,nga,52956,National Gallery of Art,https://www.nga.gov/collection/art-object-page.52956.html,Law of the Wild,Law of the Wild,Charles S. Raleigh,1881,https://media.nga.gov/iiif/67491bbe-edf6-4946-b9c1-d7f8733ced7a/full/full/0/default.jpg?attachment_filename=law_of_the_wild_1971.83.10.jpg
nga_52181,nga,52181,National Gallery of Art,https://www.nga.gov/collection/art-object-page.52181.html,Flowers in a Crystal Vase,Flowers in a Crystal Vase,Edouard Manet,1882,https://media.nga.gov/iiif/8863a7bc-4cc4-4bc1-a5ee-0ac7b92dad76/full/full/0/default.jpg?attachment_filename=flowers_in_a_crystal_vase_1970.17.37.jpg
nga_214122,nga,214122,National Gallery of Art,https://www.nga.gov/collection/art-object-page.214122.html,Lemons,Lemons,George Henry Hall,1884,https://media.nga.gov/iiif/06632adc-7f3d-4f3b-809e-b7fcdba8f691/full/full/0/default.jpg?attachment_filename=lemons_2018.44.10.jpg
nga_51139,nga,51139,National Gallery of Art,https://www.nga.gov/collection/art-object-page.51139.html,Composite Harbor Scene with Castle,Composite Harbor Scene with Castle,Jurgan Frederick Huge,1875,https://media.nga.gov/iiif/b1ba636f-04e3-4962-8343-a0f7127a8152/full/full/0/default.jpg?attachment_filename=composite_harbor_scene_with_castle_1969.11.2.jpg
nga_61379,nga,61379,National Gallery of Art,https://www.nga.gov/collection/art-object-page.61379.html,Woman with a Parasol - Madame Monet and Her Son,Woman with a Parasol - Madame Monet and Her Son,Claude Monet,1875,https://media.nga.gov/iiif/99758d9d-c10b-4d02-a198-7e49afb1f3a6/full/full/0/default.jpg?attachment_filename=woman_with_a_parasol_-_madame_monet_and_her_son_1983.1.29.jpg
nga_59896,nga,59896,National Gallery of Art,https://www.nga.gov/collection/art-object-page.59896.html,Prize Bull,Prize Bull,H. Call,1876,https://media.nga.gov/iiif/6204adde-7a80-4bb8-b01f-e1802269850a/full/full/0/default.jpg?attachment_filename=prize_bull_1980.62.3.jpg
nga_61368,nga,61368,National Gallery of Art,https://www.nga.gov/collection/art-object-page.61368.html,Little Girl in a Blue Armchair,Little Girl in a Blue Armchair,Mary Cassatt,1878,https://media.nga.gov/iiif/6dc9ca49-ea8c-4314-985a-ba2cfc3965cd/full/full/0/default.jpg?attachment_filename=little_girl_in_a_blue_armchair_1983.1.18.jpg
nga_46596,nga,46596,National Gallery of Art,https://www.nga.gov/collection/art-object-page.46596.html,Madame Camus,Madame Camus,Edgar Degas,1869,https://media.nga.gov/iiif/aca3980f-d5bc-44cb-940d-791f9e8efc88/full/full/0/default.jpg?attachment_filename=madame_camus_1963.10.121.jpg
nga_42504,nga,42504,National Gallery of Art,https://www.nga.gov/collection/art-object-page.42504.html,Flowers and Fruit,Flowers and Fruit,American 19th Century,1870,https://media.nga.gov/iiif/53ee4651-d206-4927-ab97-080febc8d87c/full/full/0/default.jpg?attachment_filename=flowers_and_fruit_1953.5.101.jpg
nga_46599,nga,46599,National Gallery of Art,https://www.nga.gov/collection/art-object-page.46599.html,Madame René de Gas,Madame René de Gas,Edgar Degas,1872,https://media.nga.gov/iiif/9a6b05c3-5d08-4bd6-b1c5-214682fc8d7e/full/full/0/default.jpg?attachment_filename=madame_rene_de_gas_1963.10.124.jpg
nga_126161,nga,126161,National Gallery of Art,https://www.nga.gov/collection/art-object-page.126161.html,"Mount Desert Island, Maine","Mount Desert Island, Maine",Jervis McEntee,1864,https://media.nga.gov/iiif/2e1b19eb-2e77-42c3-84f9-3bd10cdf8c9c/full/full/0/default.jpg?attachment_filename=mount_desert_island%2C_maine_2016.141.1.jpg
nga_46492,nga,46492,National Gallery of Art,https://www.nga.gov/collection/art-object-page.46492.html,Girl in Red,Girl in Red,Edgar Degas,1866,https://media.nga.gov/iiif/0b5cefc9-8828-4bc7-b01b-be33f59a10bc/full/full/0/default.jpg?attachment_filename=girl_in_red_1963.10.17.jpg
si_saam_1956.10.1,si,saam_1956.10.1,The Smithsonian Institution,https://www.si.edu/object/shapes-fear%3Asaam_1956.10.1,Shapes of Fear,Shapes of Fear,Maynard Dixon,1930-1932,https://ids.si.edu/ids/download?id=SAAM-1956.10.1_1.jpg
si_saam_1909.10.2,si,saam_1909.10.2,The Smithsonian Institution,https://www.si.edu/object/moonlight%3Asaam_1909.10.2,Moonlight,Moonlight,Albert Pinkham Ryder,1887,https://ids.si.edu/ids/download?id=SAAM-1909.10.2_1.jpg
si_saam_1955.8.1,si,saam_1955.8.1,The Smithsonian Institution,https://www.si.edu/object/grand-canyon%3Asaam_1955.8.1,Grand Canyon,Grand Canyon,Carl Oscar Borg,ca. 1916-1932,https://ids.si.edu/ids/download?id=SAAM-1955.8.1_1.jpg
si_saam_2019.6.10,si,saam_2019.6.10,The Smithsonian Institution,https://www.si.edu/object/portrait-helen-lena-ten-broeck%3Asaam_2019.6.10,Portrait of Helen (Lena) Ten Broeck,Portrait of Helen (Lena) Ten Broeck,Ammi Phillips,1834,https://ids.si.edu/ids/download?id=SAAM-2019.6.10_1.jpg
si_saam_1986.70.10,si,saam_1986.70.10,The Smithsonian Institution,https://www.si.edu/object/blue-grotto%3Asaam_1986.70.10,The Blue Grotto,The Blue Grotto,Lawrence W. Ladd,ca. 1880,https://ids.si.edu/ids/download?id=SAAM-1986.70.10_1.jpg
si_saam_2000.11,si,saam_2000.11,The Smithsonian Institution,https://www.si.edu/object/neapolitan-song%3Asaam_2000.11,Neapolitan Song,Neapolitan Song,Joseph Stella,1929,https://ids.si.edu/ids/download?id=SAAM-2000.11_3.jpg
si_saam_1970.80,si,saam_1970.80,The Smithsonian Institution,https://www.si.edu/object/gouache%3Asaam_1970.80,Gouache,Gouache,H. Lyman Saÿen,ca. 1916,https://ids.si.edu/ids/download?id=SAAM-1970.80_1.jpg
si_saam_1970.355.736,si,saam_1970.355.736,The Smithsonian Institution,https://www.si.edu/object/quill-leaf-tillandsia-tillandsia-fasciculata%3Asaam_1970.355.736,Quill-Leaf Tillandsia (Tillandsia fasciculata),Quill-Leaf Tillandsia (Tillandsia fasciculata),Mary Vaux Walcott,1929,https://ids.si.edu/ids/download?id=SAAM-1970.355.736_1.jpg
si_saam_1986.65.216,si,saam_1986.65.216,The Smithsonian Institution,https://www.si.edu/object/sun-river-montana-us%3Asaam_1986.65.216,SUN RIVER Montana US,SUN RIVER Montana US,Unknown,ca. 1885,https://ids.si.edu/ids/download?id=SAAM-1986.65.216_1.jpg
si_saam_1967.6.13,si,saam_1967.6.13,The Smithsonian Institution,https://www.si.edu/object/portrait-girl%3Asaam_1967.6.13,Portrait of a Girl,Portrait of a Girl,H. Lyman Saÿen,1909-1914,https://ids.si.edu/ids/download?id=SAAM-1967.6.13_2.jpg
si_npg_NPG.2015.136,si,npg_NPG.2015.136,The Smithsonian Institution,https://www.si.edu/object/frida-kahlo%3Anpg_NPG.2015.136,Frida Kahlo,Frida Kahlo,Magda Pach,1933,https://ids.si.edu/ids/download?id=NPG-NPG_2015_136.jpg
si_npg_NPG.2016.125,si,npg_NPG.2016.125,The Smithsonian Institution,https://www.si.edu/object/alice-dunbar-nelson%3Anpg_NPG.2016.125,Alice Dunbar Nelson,Alice Dunbar Nelson,Laura Wheeler Waring,1927,https://ids.si.edu/ids/download?id=NPG-NPG_2016_125.jpg
si_npg_NPG.96.94,si,npg_NPG.96.94,The Smithsonian Institution,https://www.si.edu/object/lady-mary-victoria-leiter-curzon%3Anpg_NPG.96.94,Lady Mary Victoria Leiter Curzon,Lady Mary Victoria Leiter Curzon,Mary Victoria Leiter Curzon,1901,https://ids.si.edu/ids/download?id=NPG-NPG_96_94Curzon-000001.jpg
si_npg_NPG.66.48,si,npg_NPG.66.48,The Smithsonian Institution,https://www.si.edu/object/george-gershwin-self-portrait%3Anpg_NPG.66.48,George Gershwin Self-Portrait,George Gershwin Self-Portrait,George Gershwin,1934,https://ids.si.edu/ids/download?id=NPG-NPG_66_48.jpg
si_npg_NPG.73.30,si,npg_NPG.73.30,The Smithsonian Institution,https://www.si.edu/object/theresa-helburn%3Anpg_NPG.73.30,Theresa Helburn,Theresa Helburn,Theresa Helburn,1922,https://ids.si.edu/ids/download?id=NPG-NPG_73_30Helburn-000001.jpg